{
  "version": 2,
  "buildCommand": "bun run build",
  "installCommand": "bun install",
  "framework": "nextjs",
  "regions": ["iad1"],
  "env": {
    "NODE_ENV": "production"
  },
  "headers": [
    {
      "source": "/(.*)",
      "headers": [
        {
          "key": "X-Content-Type-Options",
          "value": "nosniff"
        },
        {
          "key": "X-Frame-Options",
          "value": "DENY"
        },
        {
          "key": "X-XSS-Protection",
          "value": "1; mode=block"
        }
      ]
    }
  ]
}

